airport_name,alt,lon,lat,Delay
Aberdeen Regional Airport,1302,-98.4218,45.4491,2257174
Abilene Rgnl,1791,-99.681897,32.411319,2257174
Abraham Lincoln Capital,597,-89.677889,39.8441,2257174
Acadiana Rgnl,24,-91.883896,30.037758,2257174
Adak Airport,18,-176.646,51.878,2257174
Adams Fld,262,-92.224306,34.729444,2257174
Addison,644,-96.8364478,32.9685594,2257174
Adirondack Regional Airport,1663,-74.2062,44.3853,2257174
Akhiok Airport,44,-154.1825,56.938611,2257174
Akiak Airport,30,-161.230556,60.902778,2257174
Akron Canton Regional Airport,1228,-81.4421944,40.9160833,2257174
Akron Fulton Intl,1067,-81.466917,41.0375,2257174
Akutan Seaplane Base,0,-165.785,54.1325,2257174
Alakanuk Airport,10,-164.66,62.68,2257174
Alamogordo White Sands Regional Airport,4200,-105.991,32.8399,2257174
Albany Intl,285,-73.801692,42.748267,2257174
Albert J Ellis,94,-77.612139,34.829164,2257174
Albert Whitted,7,-82.626972,27.765111,2257174
Albuquerque International Sunport,5355,-106.6091944,35.0402222,2257174
Aleknagik Airport,66,-158.618,59.2826,2257174
Alexander Field South Wood County Airport,1021,-89.8381412,44.3606456,2257174
Alexandria,1,-77.0621,38.806346,2257174
Alexandria Intl,89,-92.549833,31.3274,2257174
Alice Intl,178,-98.026944,27.740889,2257174
Alitak Seaplane Base,0,-154.247778,56.899444,2257174
All Airports,25,-77.035278,38.889444,2257174
All Airports,31,-74.005833,40.714167,2257174
All Airports,596,-87.631667,41.883611,2257174
Allakaket Airport,441,-152.6222,66.5519,2257174
Allegheny County Airport,1252,-79.9302,40.3544,2257174
Allen Aaf,1291,-145.721642,63.994547,2257174
Alliance Municipal Airport,3931,-102.803889,42.053333,2257174
Alpena County Regional Airport,689,-83.5603,45.0781,2257174
Altoona Blair Co,1504,-78.320022,40.296372,2257174
Altus Afb,1382,-99.266681,34.667067,2257174
Ambler Airport,334,-157.8575,67.106389,2257174
Amherst Amtrak Station AMM,258,-72.511389,42.375,2257174
Amook Bay Seaplane Base,0,-153.815278,57.471389,2257174
Anacortes Airport,241,-122.6625,48.498889,2257174
Anaktuvuk Pass Airport,2103,-151.743,68.1336,2257174
Anderson Rgnl,782,-82.709389,34.494583,2257174
Andrau Airport,80,-95.35,29.43,2257174
Andrews Afb,280,-76.867028,38.810806,2257174
Angelina Co,296,-94.75,31.234014,2257174
Angoon Seaplane Base,0,-134.585,57.503611,2257174
Aniak Airport,88,-159.543,61.5816,2257174
Ankeny Regl Airport,910,-93.566389,41.691389,2257174
Ann Arbor Municipal Airport,839,-83.444418,42.132274,2257174
Annette Island,119,-131.572233,55.042436,2257174
Anniston Metro,612,-85.858111,33.588167,2257174
Anvik Airport,309,-160.191,62.6467,2257174
Apalachicola Regional Airport,20,-85.0274416,29.7276066,2257174
Apopka,143,-81.581667,28.707222,2257174
Appleton,680,-88.507576,44.257526,2257174
Aransas County Airport,24,-97.0436944,28.0862222,2257174
Arcata,221,-124.108611,40.978111,2257174
Arctic Village Airport,2092,-145.579,68.1147,2257174
Ardmore Muni,762,-97.008889,34.300833,2257174
Arkansas Intl,254,-89.943956,35.964347,2257174
Arlington Municipal,628,-97.0942778,32.6638611,2257174
Arnold Palmer Regional Airport,1185,-79.4048,40.2759,2257174
Arthur Dunn Airpark,30,-80.83541,28.622552,2257174
Asheville Regional Airport,2165,-82.541806,35.436194,2257174
Ashland County Airport,1206,-82.2556389,40.9029722,2257174
Aspen Pitkin County Sardy Field,7820,-106.869,39.2232,2257174
Astoria Regional Airport,15,-123.878694,46.157972,2257174
Athens Ben Epps Airport,808,-83.3263,33.9486,2257174
Atka Airport,56,-174.206389,52.220278,2257174
Atlanta Regional Airport - Falcon Field,808,-84.5718333,33.35725,2257174
Atlantic City Intl,75,-74.577167,39.457583,2257174
Atlantic City Rail Terminal,8,-74.442,39.3665,2257174
Atmautluak Airport,18,-162.273056,60.866667,2257174
Atqasuk Edward Burnell Sr Memorial Airport,96,-157.436,70.4673,2257174
Auburn University Regional,777,-85.2604,32.3691,2257174
Augusta Rgnl At Bush Fld,144,-81.9645,33.369944,2257174
Augusta State,352,-69.797317,44.320647,2257174
Austin Bergstrom Intl,542,-97.669889,30.194528,2257174
Austin Straubel Intl,695,-88.129589,44.485072,2257174
Avalon,1602,-118.415833,33.405,2257174
Bagdad Airport,4183,-113.170195,34.5958528,2257174
Baldwin County Airport,385,-83.2414139,33.154225,2257174
Baltimore Washington Intl,146,-76.668333,39.175361,2257174
Bamberg County Airport,231,-81.1084167,33.3045278,2257174
Bangor Intl,192,-68.828139,44.807444,2257174
Banks Airport,100,-68.4281667,44.1653889,2257174
Baraboo Wisconsin Dells Airport,979,-89.7709266,43.5217843,2257174
Barking Sands Pmrf,23,-159.785,22.022833,2257174
Barkley Regional Airport,410,-88.7729583,37.0602875,2257174
Barksdale Afb,166,-93.662674,32.50182,2257174
Barnes Municipal,270,-72.715875,42.1579472,2257174
Barnstable Muni Boardman Polando Fld,55,-70.280356,41.669336,2257174
Barrow County Airport,943,-83.6674167,33.9828611,2257174
Barter Island Lrrs,2,-143.581867,70.133989,2257174
Bartow Municipal Airport,125,-81.7834,27.9434,2257174
Barwick Lafayette Airport,777,-85.2903319,34.6884792,2257174
Baton Rouge Metro Ryan Fld,70,-91.149639,30.533167,2257174
Baudette Intl,1086,-94.612222,48.728444,2257174
Beale Afb,113,-121.436567,39.136089,2257174
Beaufort,37,-80.723161,32.477411,2257174
Beaumont Municipal,32,-94.2150967,30.0702044,2257174
Beauregard Rgnl,202,-93.339917,30.831722,2257174
Beaver Airport,359,-147.406667,66.362222,2257174
Beaver Falls,1253,-80.3914444,40.7724722,2257174
Beech Factory Airport,1409,-97.2149167,37.6939167,2257174
Bellingham Intl,170,-122.537528,48.792694,2257174
Bemidji Regional Airport,1391,-94.934722,47.510722,2257174
Bermuda Dunes Airport,73,-116.2748133,33.7484375,2257174
Bert Mooney Airport,5550,-112.497472,45.954806,2257174
Bessemer,700,-86.5558,33.1876,2257174
Bethel,121,-161.838,60.779778,2257174
Bettles,644,-151.529056,66.913944,2257174
Beverly Municipal Airport,107,-70.9161444,42.584141,2257174
Bicycle Lake Aaf,2350,-116.630031,35.280531,2257174
Big Bear City,6725,-116.8560278,34.2637778,2257174
Big Mountain Afs,663,-155.258822,59.361247,2257174
Big Timber Airport,4492,-109.9811111,45.8063889,2257174
Biggs Aaf,3948,-106.380039,31.849528,2257174
Billings Logan International Airport,3652,-108.537654,45.80921,2257174
Birch Creek Airport,450,-145.815319,66.256708,2257174
Birmingham Intl,644,-86.75355,33.562942,2257174
Bisbee Douglas Intl,4154,-109.603667,31.469028,2257174
Bishop International,782,-83.743629,42.965424,2257174
Bismarck Municipal Airport,1661,-100.757931,46.775842,2257174
Black Hills Airport-Clyde Ice Field,3931,-103.7860053,44.4811407,2257174
Black Rock,6454,-108.791778,35.083228,2257174
Blakely Island Airport,0,-122.80243,48.56025,2257174
Block Island State Airport,108,-71.577778,41.168056,2257174
Bloyer Field,966,-90.4806111,43.9762222,2257174
Blue Grass,979,-84.605889,38.0365,2257174
Blythe Airport,399,-114.716889,33.619167,2257174
Bob Baker Memorial Airport,166,-160.436667,66.975833,2257174
Bob Hope,778,-118.358667,34.200667,2257174
Bob Sikes,213,-86.522111,30.778833,2257174
Boca Raton,13,-80.107694,26.3785,2257174
Boeing Fld King Co Intl,21,-122.301947,47.53,2257174
Boire Field Airport,199,-71.5147778,42.78175,2257174
Boise Air Terminal,2871,-116.222861,43.564361,2257174
Bolton Field,905,-83.136944,39.901111,2257174
Boone Co,1365,-93.154728,36.261519,2257174
Borrego Valley Airport,520,-116.3209722,33.2590278,2257174
Boston Back Bay Station,20,-71.075,42.3478,2257174
Boulder City Municipal Airport,2201,-114.514,35.5651,2257174
Boulder Municipal,5288,-105.225833,40.039444,2257174
Bowerman Field,18,-123.9365556,46.9711944,2257174
Bowling Green-Warren County Regional Airport,547,-86.4196667,36.9645278,2257174
Bowman Fld,546,-85.663722,38.228,2257174
Braceville Airport,900,-80.9692572,41.2111675,2257174
Brackett Field,1014,-117.7817778,34.0916667,2257174
Bradford Regional Airport,2143,-78.6401,41.8031,2257174
Bradley Intl,173,-72.683222,41.938889,2257174
Bradshaw Aaf,6190,-155.553717,19.760056,2257174
Brainerd Lakes Rgnl,1226,-94.138078,46.398308,2257174
Branch County Memorial Airport,959,-85.0522935,41.9335691,2257174
Brandywine Airport,466,-75.3455,39.5924,2257174
Branson LLC,1302,-93.200556,36.531994,2257174
Bremerton National,444,-122.764814,47.490244,2257174
Brevig Mission Airport,35,-166.465833,65.331389,2257174
Brigham City,4229,-112.062,41.552,2257174
Brookings Regional Airport,1648,-96.8169,44.3048,2257174
Brooks Field Airport,941,-84.9554443,42.2511932,2257174
Brown Field Municipal Airport,526,-116.9801611,32.5722722,2257174
Brownsville South Padre Island Intl,22,-97.425861,25.906833,2257174
Brunswick Golden Isles Airport,26,-81.4665,31.2588,2257174
Bryant Ahp,378,-149.653119,61.266381,2257174
Bryce Canyon,7590,-112.145806,37.706444,2257174
Buchanan Field Airport,26,-122.0568889,37.9896667,2257174
Buckeye Municipal Airport,1033,-112.68618,33.420417,2257174
Buckland Airport,31,-161.149167,65.981667,2257174
Buckley Afb,5662,-104.75166,39.701668,2257174
Buffalo Niagara Intl,724,-78.732167,42.940525,2257174
Burke Lakefront Airport,583,-81.683333,41.5175,2257174
Burlington Intl,335,-73.153278,44.471861,2257174
Burlington-Alamance Regional Airport,617,-79.4748892,36.0485433,2257174
Burrello-Mechanicville Airport,195,-73.66845,42.893133,2257174
Butts Aaf,5838,-104.756581,38.678394,2257174
Cairo-Grady County Airport,265,-84.1547353,30.8879767,2257174
Caldwell Essex County Airport,172,-74.2813611,40.8752222,2257174
Calexico Intl,4,-115.51333,32.669502,2257174
Cambridge Municipal Airport,799,-81.5775833,39.9750278,2257174
Camp Mabry Austin City,0,-97.7666,30.31666,2257174
Campbell Aaf,573,-87.496183,36.668567,2257174
Cannon Afb,4295,-103.322147,34.382775,2257174
Canyonlands Field,4555,-109.754722,38.755,2257174
Cape Girardeau Regional Airport,342,-89.5708,37.2253,2257174
Cape Lisburne Lrrs,12,-166.110022,68.875133,2257174
Cape May Co,23,-74.908275,39.008507,2257174
Cape Newenham Lrrs,541,-162.062778,58.646428,2257174
Cape Romanzof Lrrs,457,-166.038747,61.780297,2257174
Capital City,861,-84.587357,42.7787,2257174
Capital City Airport,347,-76.8513611,40.2171389,2257174
Capital City Airport,812,-84.9061389,38.1819722,2257174
Carbon County Regional-Buck Davis Field,5957,-110.75278,39.609722,2257174
Caribou Muni,626,-68.017917,46.8715,2257174
Cartersville Airport,759,-84.8487067,34.1231475,2257174
Casa Grande Municipal Airport,1464,-111.766832,32.954889,2257174
Castle,189,-120.568189,37.380481,2257174
Cavern City Air Terminal,3295,-104.263278,32.337472,2257174
Cecil Field,81,-81.8767,30.2187,2257174
Cedar City Rgnl,5622,-113.098847,37.700967,2257174
Cedar Rapids,869,-91.710806,41.884694,2257174
CedarKey,11,-83.0504722,29.1342222,2257174
Centennial,5883,-104.849294,39.570129,2257174
Central Airport,937,-144.780833,65.573889,2257174
Central Illinois Rgnl,871,-88.915917,40.477111,2257174
Central Nebraska Regional Airport,1847,-98.3096,40.9675,2257174
Central Wisconsin,840,-89.646635,44.772726,2257174
Centre-Piedmont-Cherokee County Regional Airport,595,-85.6100833,34.0899167,2257174
Chadron Municipal Airport,3297,-103.095556,42.8375,2257174
Chalkyitsik Airport,544,-143.74,66.645,2257174
Champaign,754,-88.278056,40.03925,2257174
Chan Gurney,1200,-97.3969,42.8711,2257174
Charles M Schulz Sonoma Co,125,-122.81288,38.508978,2257174
Charleston Afb Intl,45,-80.040528,32.898647,2257174
Charlevoix Municipal Airport,669,-85.2753333,45.3047778,2257174
Charlotte County-Punta Gorda Airport,26,-81.990556,26.919722,2257174
Charlotte Douglas Intl,748,-80.943139,35.214,2257174
Charlottesville-Albemarle,639,-78.452861,38.138639,2257174
Chatham Seaplane Base,0,-134.946111,57.515,2257174
Chatsworth Station,978,-118.598889,34.256944,2257174
Chautauqua County-Dunkirk Airport,693,-79.2720417,42.4933353,2257174
Chautauqua County-Jamestown,525,-79.258056,42.153333,2257174
Chefornak Airport,40,-164.285556,60.149167,2257174
Chehalis-Centralia,177,-122.5897,46.4062,2257174
Chemehuevi Valley,638,-114.431971,34.528889,2257174
Chenega Bay Airport,72,-147.991944,60.077222,2257174
Cherokee County Airport,1219,-84.4221556,34.3122175,2257174
Cherry Capital Airport,624,-85.582235,44.741445,2257174
Cherry Point Mcas,29,-76.880733,34.900872,2257174
Chester County G O Carlson Airport,660,-75.8654,39.9789,2257174
Chevak Airport,75,-165.584,61.5338,2257174
Cheyenne Rgnl Jerry Olson Fld,6156,-104.811839,41.155722,2257174
Chicago Executive,647,-87.9015376,42.1142897,2257174
Chicago Midway Intl,620,-87.752417,41.785972,2257174
Chicago Ohare Intl,668,-87.904842,41.978603,2257174
Chicago Rockford International Airport,742,-89.0972222,42.1953611,2257174
Chico Muni,238,-121.858422,39.795383,2257174
Chignik Bay Seaplane Base,0,-158.401398,56.295556,2257174
Chignik Lagoon Airport,25,-158.534167,56.311111,2257174
Chignik Lake Airport,50,-158.775278,56.255,2257174
Childress Muni,1954,-100.287992,34.433781,2257174
China Lake Naws,2283,-117.692039,35.685422,2257174
Chinle Municipal Airport,5547,-109.5754222,36.1108806,2257174
Chippewa County International Airport,800,-84.4724,46.2508,2257174
Chippewa Valley Regional Airport,913,-91.4843,44.8658,2257174
Chisana Airport,1011,-142.048333,62.071111,2257174
Chisholm Hibbing,1353,-92.838994,47.3866,2257174
Chuathbaluk Airport,243,-159.215556,61.579167,2257174
Cincinnati Muni Lunken Fld,483,-84.418611,39.103333,2257174
Cincinnati Northern Kentucky Intl,896,-84.667822,39.048836,2257174
Circle City Airport,613,-144.076111,65.827778,2257174
City Of Colorado Springs Muni,6187,-104.700778,38.805805,2257174
Clarke CO,320,-88.4434,32.0517,2257174
Clarksville-Montgomery County Regional Airport,550,-87.415,36.621944,2257174
Clayton County Tara Field,874,-84.332397,33.389099,2257174
Clear,552,-149.120144,64.301203,2257174
Clear Lake Metroport,35,-95.137497,29.5569,2257174
Clearwater Air Park,70,-82.7586667,27.9764722,2257174
Clemson,891,-82.8858889,34.6722222,2257174
Cleveland Hopkins Intl,791,-81.849794,41.411689,2257174
Clinton Municipal,708,-90.3289722,41.83075,2257174
Clovis Muni,4216,-103.079278,34.425139,2257174
Clow International Airport,670,-88.1292306,41.6959744,2257174
Cobb County Airport-Mc Collum Field,1041,-84.5970556,34.0131569,2257174
Coffman Cove Seaplane Base,0,-132.833889,56.014722,2257174
Cold Bay,96,-162.725436,55.206061,2257174
Coldfoot Airport,1014,-150.176111,67.251389,2257174
Coleman A Young Muni,626,-83.009861,42.409195,2257174
Collin County Regional Airport at Mc Kinney,585,-96.5905278,33.1779444,2257174
Colorado Springs East,6145,-104.41,38.87,2257174
Columbia County,198,-73.7103,42.2913,2257174
Columbia Metropolitan,236,-81.119528,33.938833,2257174
Columbia Rgnl,889,-92.219631,38.818094,2257174
Columbus Afb,219,-88.443833,33.643833,2257174
Columbus Metropolitan Airport,397,-84.9388611,32.5163333,2257174
Concord Municipal,342,-71.50233,43.20267,2257174
Condron Aaf,3934,-106.40277,32.341484,2257174
Coolidge Municipal Airport,1574,-111.427001953125,32.9359016418457,2257174
Corpus Christi Intl,44,-97.501222,27.770361,2257174
Corpus Christi NAS,18,-97.290376,27.692701,2257174
Cortez Muni,5918,-108.628056,37.303,2257174
Corvallis Muni,250,-123.2915,44.5067,2257174
Cottonwood Airport,3550,-112.035003662109,34.7299995422363,2257174
Cotulla Lasalle Co,474,-99.220294,28.456694,2257174
Coulter Fld,367,-96.331361,30.715694,2257174
Council Airport,85,-163.703333,64.897778,2257174
County,34,-80.851111,27.265833,2257174
Covington Municipal Airport,809,-83.8474472,33.6323083,2257174
Coweta County Airport,970,-84.7697554,33.3115656,2257174
Craig Fld,166,-86.987803,32.343947,2257174
Craig Seaplane Base,0,-133.147778,55.478889,2257174
Craven Co Rgnl,18,-77.042944,35.072972,2257174
Creech Afb,3133,-115.673353,36.587183,2257174
Crisp County Cordele Airport,310,-83.7739167,31.9888333,2257174
Crooked Creek Airport,178,-158.135,61.867778,2257174
Cross City,42,-83.10475,29.6355278,2257174
Crystal Airport,869,-93.2114,45.0343,2257174
Crystal River,9,-82.5741111,28.8676111,2257174
Cut Bank Muni,3854,-112.376144,48.608353,2257174
Cuyahoga County,879,-81.4863555,41.565124,2257174
Dade Collier Training And Transition,13,-80.897,25.861806,2257174
Dalhart Muni,3991,-102.547278,36.022586,2257174
Dallas Executive Airport,201,-96.868333,32.680833,2257174
Dallas Fort Worth Intl,607,-97.037997,32.896828,2257174
Dallas Love Fld,487,-96.851778,32.847111,2257174
Dalton Municipal Airport,709,-84.87025,34.7229444,2257174
Danbury Municipal Airport,458,-73.4821906,41.3715353,2257174
Dane Co Rgnl Truax Fld,887,-89.337514,43.139858,2257174
Daniel Field Airport,423,-82.0393808,33.4665028,2257174
Dare County Regional,13,-75.4173,35.5514,2257174
Darlington County Jetport,192,-79.8900608,34.4493845,2257174
David Wayne Hooks Field,152,-95.554276,30.063746,2257174
Davis Fld,612,-95.366656,35.656489,2257174
Davis Monthan Afb,2704,-110.883144,32.166467,2257174
Dawson Community Airport,749,-104.807222,47.138611,2257174
Dayton-Wright Brothers Airport,957,-84.2248611,39.5889722,2257174
Daytona Beach Intl,34,-81.058056,29.179917,2257174
De Kalb Taylor Municipal Airport,914,-88.7056864,41.9338342,2257174
DeFuniak Springs Airport,289,-86.1537778,30.7311111,2257174
Deadhorse,64,-148.465167,70.19475,2257174
Decatur,682,-88.865689,39.834564,2257174
Decatur County Industrial Air Park,141,-84.6369278,30.9715981,2257174
Deer Harbor Seaplane,0,-123.00596,48.618397,2257174
Deer Valley Municipal Airport,1478,112.457,33.4117,2257174
Deering Airport,21,-162.766,66.0696,2257174
Dekalb-Peachtree Airport,1003,-84.3019722,33.8756111,2257174
Del Norte County Airport,57,-124.237,41.7802,2257174
Del Rio Intl,1002,-100.927158,29.374208,2257174
Delaware County Airport,937,-85.39575,40.2424722,2257174
Dell Flight Strip,6007,-112.7200133,44.7357483,2257174
Delta County Airport,609,-87.093611,45.722778,2257174
Delta Municipal Airport,4759,-112.5077147,39.3806386,2257174
Denver Intl,5431,-104.673178,39.861656,2257174
Des Moines Intl,958,-93.663083,41.533972,2257174
Desert Aire,586,-119.5518,46.4124,2257174
Destin,23,-86.4714772,30.4000611,2257174
Detroit Metro Wayne Co,645,-83.353389,42.212444,2257174
Devils Lake Regional Airport,1445,-98.908611,48.114444,2257174
Dickinson Theodore Roosevelt Regional Airport,2592,-102.801944,46.7975,2257174
Dillant Hopkins Airport,149,42.898333,72.270833,2257174
Dillingham,14,-158.197281,21.579475,2257174
Dillingham,74,-158.5055,59.044667,2257174
Dinwiddie County Airport,193,-77.507388,37.18375,2257174
Dobbins Arb,1068,-84.516319,33.915382,2257174
Dodge City Regional Airport,2594,-99.9656,37.7634,2257174
Door County Cherryland Airport,725,-87.4215556,44.8436667,2257174
Dothan Rgnl,401,-85.449628,31.321339,2257174
Douglas Municipal Airport,257,-82.8605664,31.4767385,2257174
Douglas Municipal Airport,4173,-109.5064544,31.3426028,2257174
Dover Afb,28,-75.465958,39.129539,2257174
Dowagiac Municipal Airport,748,-86.1280125,41.9929342,2257174
Downtown,759,-94.598889,39.1275,2257174
Drake Fld,1251,-94.170059,36.005094,2257174
Draughon Miller Central Texas Rgnl,682,-97.407778,31.1525,2257174
Drummond Island Airport,668,-83.7439342,46.0093114,2257174
DuBois Regional Airport,1817,-78.8987,41.1783,2257174
Dubuque Rgnl,1076,-90.709472,42.402,2257174
Duluth Intl,1428,-92.193649,46.842091,2257174
Dupage,758,-88.248611,41.907778,2257174
Durango La Plata Co,6685,-107.75377,37.151516,2257174
Dyess Afb,1789,-99.8546,32.420756,2257174
Eagle Airport,908,-141.149722,64.778056,2257174
Eagle Co Rgnl,6540,-106.917694,39.642556,2257174
Eagle County Airport,6548,-106.9159347,39.6427611,2257174
Eagle River,1642,-89.268283,45.932333,2257174
Eagle's Nest Airport,1437,-78.944167,38.076944,2257174
Eareckson As,98,174.11362,52.712275,2257174
East 34th Street Heliport,10,-73.971944,40.7425,2257174
East Texas Rgnl,365,-94.711486,32.384014,2257174
East Troy Municipal Airport,860,-88.3726111,42.7971667,2257174
Eastern Oregon Regional Airport,1497,-118.841389,45.695,2257174
Eastern Slopes Regional,455,-70.9478889,43.9911389,2257174
Eastern WV Regional Airport,554,-77.591,39.2407,2257174
Easterwood Fld,321,-96.363833,30.588583,2257174
Easton-Newnam Field Airport,72,-76.069,38.8041667,2257174
Eastport Municipal Airport,45,-67.0126944,44.9101111,2257174
Edward F Knapp State,1165,-72.562328,44.203503,2257174
Edward G Pitka Sr,152,-156.937417,64.736178,2257174
Edwards Afb,2302,-117.883739,34.905417,2257174
Eek Airport,15,-162.043889,60.213611,2257174
Effingham Memorial Airport,585,-88.534,39.07,2257174
Egegik Airport,92,-157.375556,58.185556,2257174
Eglin Afb,87,-86.5254,30.48325,2257174
Eielson Afb,548,-147.1015,64.665667,2257174
Ekwok Airport,135,-157.471111,59.356944,2257174
El Centro Naf,-42,-115.671667,32.829222,2257174
El Paso Intl,3958,-106.377583,31.80725,2257174
El Toro,383,-117.731164,33.676132,2257174
Elfin Cove Seaplane Base,0,-136.3475,58.195278,2257174
Elim Airport,162,-162.270556,64.615,2257174
Elizabeth City Cgas Rgnl,12,-76.174572,36.260581,2257174
Elizabethton Municipal Airport,1593,-82.1734167,36.3712222,2257174
Elkhart Municipal,778,-86.003333,41.719444,2257174
Elkins Randolph Co Jennings Randolph,1987,-79.857139,38.889444,2257174
Elko Regional Airport,5140,-115.792,40.8249,2257174
Ellington Fld,32,-95.15875,29.607333,2257174
Ellsworth Afb,3279,-103.103567,44.145042,2257174
Elmendorf Afb,212,-149.806503,61.250986,2257174
Elmira Corning Rgnl,954,-76.891611,42.159889,2257174
Ely Airport,6259,-114.841944,39.299722,2257174
Ely Municipal,1456,-91.830833,47.824444,2257174
Emanuel Co,327,-82.369944,32.609139,2257174
Emmonak Airport,13,-164.490833,62.786111,2257174
Emporia Municipal Airport,1208,-96.1912,38.3321,2257174
Ephraim-Gibraltar Airport,773,-87.1879444,45.1354167,2257174
Eppley Afld,984,-95.894069,41.303167,2257174
Erie Intl Tom Ridge Fld,733,-80.176217,42.082022,2257174
Erie-Ottawa Regional Airport,590,-82.8694868,41.5162703,2257174
Ernest A Love Fld,5045,-112.419583,34.654472,2257174
Esler Rgnl,112,-92.295772,31.394903,2257174
Evanston-Uinta CO Burns Fld,7143,-111.0208,41.1649,2257174
Evansville Regional,418,-87.532364,38.036997,2257174
Everglades Airpark,5,-81.3902778,25.8488611,2257174
Excursion Inlet Seaplane Base,0,-135.449167,58.420556,2257174
Executive,113,-81.332936,28.545464,2257174
Executive,160,-81.528889,27.591389,2257174
Fairbanks Intl,434,-147.856267,64.815114,2257174
Fairchild Afb,2461,-117.655772,47.615058,2257174
Fairfield County Airport,577,-81.108806,34.315472,2257174
Fallon Nas,3934,-118.70098,39.416584,2257174
Falls Intl,1185,-93.403067,48.566186,2257174
False Pass Airport,20,-163.410278,54.8475,2257174
Fayetteville Regional Grannis Field,189,-78.8803,34.9912,2257174
Felker Aaf,12,-76.608841,37.1325,2257174
Felts Fld,1953,-117.322558,47.682819,2257174
Fernandina Beach Municipal Airport,16,-81.4611944,30.6118333,2257174
Ferry County Airport,2522,-118.6564714,48.7182058,2257174
Findlay Airport,819,-83.6686111,41.0120278,2257174
Finger Lakes Regional Airport,492,-76.7812318,42.8835647,2257174
First Flight Airport,13,-75.67,36.02,2257174
Fitchburg Municipal Airport,348,-71.7589722,42.5541111,2257174
Fitzgerald Municipal Airport,365,-83.2709036,31.6839046,2257174
Flabob Airport,764,-117.409971,33.988778,2257174
Flagler County Airport,33,-81.1212,29.2821,2257174
Flagstaff Pulliam Airport,7015,-111.6692392,35.140318,2257174
Florence,51,-124.1113687,43.9828168,2257174
Florence Rgnl,146,-79.723889,34.185361,2257174
Florida Keys Marathon Airport,7,-81.051389,24.726111,2257174
Floyd Bennett Memorial Airport,328,-73.610305,43.341222,2257174
Flying Cloud Airport,906,-93.2726,44.4938,2257174
Fond Du Lac County Airport,808,-88.4884167,43.7711667,2257174
Foothills Regional Airport,1270,-81.6115119,35.8202336,2257174
Forbes Fld,1078,-95.663611,38.950944,2257174
Ford Airport,1182,-88.1145556,45.8183611,2257174
Forest Lake Airport,925,-92.9943853,45.2477456,2257174
Fort Bridger,7038,-110.2436,41.236,2257174
Fort Collins Loveland Muni,5016,-105.011336,40.451828,2257174
Fort Dodge Rgnl,1157,-94.191842,42.5512,2257174
Fort Jefferson,0,-82.86667,24.61667,2257174
Fort Lauderdale Executive,13,-80.170706,26.197281,2257174
Fort Lauderdale Hollywood Intl,9,-80.15275,26.072583,2257174
Fort Smith Rgnl,469,-94.367444,35.336583,2257174
Fort Stockton Pecos Co,3011,-102.916139,30.915667,2257174
Fort Wayne,815,-85.195139,40.978472,2257174
Fort Worth Alliance Airport,722,-97.318889,32.987778,2257174
Fort Worth Meacham Intl,710,-97.362444,32.819778,2257174
Fort Yukon,433,-145.250417,66.571492,2257174
Fortman Airport,885,-84.3866186,40.5553253,2257174
Foster Field,990,-90.1693889,42.4664444,2257174
Fostoria Metropolitan Airport,752,-83.3930833,41.1908333,2257174
Four Corners Rgnl,5506,-108.229944,36.74125,2257174
Francis S Gabreski,67,-72.631789,40.843656,2257174
Frank Wiley Field,2630,-105.886,46.428,2257174
Franklin,1540,-79.860362,41.377874,2257174
Frasca Field,735,-88.200197,40.144979,2257174
Frazier Lake Airpark,152,-124.768333333333,54.0133333333333,2257174
Fredericksburg Amtrak Station,130,-77.456875,38.298416,2257174
French Valley Airport,1350,-117.1284732,33.5741791,2257174
Fresno Yosemite Intl,336,-119.71814,36.776194,2257174
Friday Harbor Airport,113,-123.024444,48.521944,2257174
Friday Harbor Seaplane Base,0,-123.009722,48.537222,2257174
Friedman Mem,5320,-114.296194,43.504444,2257174
Fullerton Municipal Airport,96,-117.584722,33.521925,2257174
Fulton County Airport Brown Field,841,-84.5214,33.7791,2257174
Funter Bay Seaplane Base,0,-134.897778,58.254444,2257174
Furnace Creek,0,-116.515,36.273,2257174
Gainesville Rgnl,152,-82.271778,29.690056,2257174
Galion Municipal Airport,1224,-82.7238056,40.7533889,2257174
Gallatin Field,4500,-111.160151,45.777643,2257174
Gallup Muni,6472,-108.789308,35.511058,2257174
Galt Field Airport,875,-88.3751111,42.4028889,2257174
Gambell Airport,27,-171.733,63.7668,2257174
Garden City Rgnl,2891,-100.724417,37.927528,2257174
Garfield County Regional Airport,5548,-107.7269444,39.5263056,2257174
Garland Airport,1218,-84.2761944,44.8065278,2257174
Garner Field,942,-99.748962,29.215429,2257174
Gary Chicago International Airport,591,-87.4128,41.6163,2257174
General Edward Lawrence Logan Intl,19,-71.005181,42.364347,2257174
General Mitchell Intl,723,-87.896583,42.947222,2257174
Genesee County Airport,914,-78.1696667,43.03175,2257174
George Bush Intercontinental,97,-95.341442,29.984433,2257174
Georgetown County Airport,40,-79.3203139,33.3114018,2257174
Georgetown Municipal Airport,790,-97.6793837,30.678809,2257174
Gerald R Ford Intl,794,-85.522806,42.880833,2257174
Germack Airport,820,-80.9039797,41.7778322,2257174
Gila Bend Municipal Airport,789,-112.673636,32.960169,2257174
Gilbert Airport,145,-81.753333,28.062778,2257174
Gillespie,388,-116.9724444,32.8262222,2257174
Gillette-Campbell County Airport,4365,-105.5393611,44.3489167,2257174
Gilmer County Airport,1486,-84.5265833,34.6282222,2257174
Glacier Park Intl,2977,-114.256,48.310472,2257174
Gladwin Zettel Memorial Airport,774,-84.47502,43.9705893,2257174
Glendale Municipal Airport,1071,-112.2951389,33.5269167,2257174
Godman Aaf,756,-85.972106,37.907058,2257174
Gogebic Iron County Airport,1230,-90.1313967,46.5274747,2257174
Golden Triangle Regional Airport,264,-88.591361,33.450333,2257174
Golovin Airport,59,-163.007222,64.550556,2257174
Goodnews Airport,15,-161.5775,59.1175,2257174
Grand Canyon Heliport,2500,-112.13333333,35.96666666,2257174
Grand Canyon National Park Airport,6609,-112.1469722,35.9523611,2257174
Grand Canyon West Airport,4813,-113.815674,35.899904,2257174
Grand Canyon West Airport,4825,-113.4859,35.5925,2257174
Grand Forks Afb,913,-97.401194,47.961098,2257174
Grand Forks Intl,845,-97.176111,47.949256,2257174
Grand Geneva Resort Airport,835,-88.3895833,42.6149167,2257174
Grand Junction Regional,4858,-108.526735,39.122413,2257174
Grand Marais Cook County Airport,1799,-90.3829444,47.8383333,2257174
Grand Rapids Itasca County,413,-93.509722,47.211111,2257174
Grand Strand Airport,31,-78.7239444,33.81175,2257174
Grant Co Intl,1185,-119.32019,47.207708,2257174
Grant County Airport,5446,-108.156,32.6365,2257174
Grants Milan Muni,6537,-107.901989,35.167286,2257174
Gray Aaf,302,-122.580783,47.079217,2257174
Grayling Airport,99,-160.065,62.894444,2257174
Great Bend Municipal,1887,-98.859167,38.344167,2257174
Great Falls Intl,3677,-111.370689,47.482,2257174
Greater Binghamton Edwin A Link Fld,1636,-75.979839,42.208689,2257174
Greater Cumberland Rgnl.,775,-78.760556,39.615278,2257174
Greater Kankakee,630,-87.846278,41.071389,2257174
Greater Rochester Intl,559,-77.672389,43.118866,2257174
Greenbrier Valley Airport,2302,-80.399444,37.858333,2257174
Greenville-Spartanburg International,964,-82.218889,34.895556,2257174
Greenwood Leflore,162,-90.084706,33.494328,2257174
Grider Fld,206,-91.935597,34.173142,2257174
Griffin-Spalding County Airport,958,-84.2749444,33.2269722,2257174
Griffing Sandusky,580,-82.652333,41.433361,2257174
Griffiss Afld,504,-75.407033,43.2338,2257174
Grissom Arb,812,-86.152119,40.648094,2257174
Groton New London,9,-72.045139,41.330056,2257174
Grove City Airport,1371,-80.16775,41.1460278,2257174
Gulfport-Biloxi,28,-89.070111,30.407278,2257174
Gulkana,1580,-145.456639,62.154888,2257174
Gunnison - Crested Butte,7678,-106.933056,38.533889,2257174
Gustavus Airport,34,-135.707,58.4253,2257174
Gwinnett County Airport-Briscoe Field,1061,-83.9623772,33.9780761,2257174
Hagerstown Regional Richard A Henson Field,704,-77.7295,39.7079,2257174
Haines Airport,15,-135.524,59.2438,2257174
Halliburton Field Airport,1114,-97.9598611,34.4713056,2257174
Hamburg Inc Airport,751,-78.9147569,42.7008925,2257174
Hana,78,-156.014439,20.795636,2257174
Hancock County - Bar Harbor,83,-68.3615653,44.4497689,2257174
Hardwick Field Airport,874,-84.832369,35.2199994,2257174
Harford County Airport,409,-76.2024028,39.5668378,2257174
Harris County Airport,902,-84.8824444,32.8406944,2257174
Harrisburg Intl,310,-76.763403,40.193494,2257174
Harrison Marion Regional Airport,1217,-80.2281,39.2966,2257174
Harry Clever Field Airport,894,-81.4199444,40.4701667,2257174
Hartford Brainard,18,-72.649444,41.736722,2257174
Hartford Union Station,0,-72.6815,41.76888,2257174
Hartness State,577,-72.517222,43.343333,2257174
Hartsfield Jackson Atlanta Intl,1026,-84.428067,33.636719,2257174
Hattiesburg Bobby L. Chain Municipal Airport,151,-89.2528889,31.2649444,2257174
Hattiesburg Laurel Regional Airport,298,-89.3371,31.4671,2257174
Havre City Co,2590,-109.762342,48.542983,2257174
Hays Regional Airport,1998,-99.2732,38.8422,2257174
Hayward Executive Airport,52,-122.121666666667,37.6588888888889,2257174
Hazleton Municipal,1603,-76.0025,40.989167,2257174
Healy River Airport,1263,-148.968889,63.8675,2257174
Heber City Municipal Airport,5637,-111.4288056,40.4818056,2257174
Hector International Airport,902,-96.8157639,46.92065,2257174
Helena Rgnl,3877,-111.98275,46.606806,2257174
Henderson Executive Airport,1881,-115.134444,35.972778,2257174
Henry Post Aaf,1189,-98.402167,34.649833,2257174
Henry Tift Myers Airport,355,-83.488545,31.4289814,2257174
Hickory Rgnl,1189,-81.38955,35.741147,2257174
Hill Afb,4789,-111.973039,41.123939,2257174
Hillsboro Muni,685,-97.097228,32.083486,2257174
Hilo Intl,38,-155.048469,19.721375,2257174
Hilton Head,10,-80.752,32.216,2257174
Hilton Head Airport,19,-80.6974722,32.2243611,2257174
Hite Airport,3840,-110.3840289,37.8916547,2257174
Hobart Muni,1564,-99.051353,34.991308,2257174
Hollis Seaplane Base,0,-132.646111,55.481667,2257174
Holloman Afb,4093,-106.106525,32.852519,2257174
Holy Cross Airport,70,-159.775,62.1883,2257174
Homer,84,-151.476583,59.645556,2257174
Homestead Arb,6,-80.383567,25.48855,2257174
Hondo Municipal Airport,930,-99.1775,29.3591,2257174
Honolulu Intl,13,-157.922428,21.318681,2257174
Hood Aaf,924,-97.714469,31.138731,2257174
Hoonah Airport,19,-135.409722,58.096111,2257174
Hooper Bay Airport,7,-166.147,61.5239,2257174
Houghton County Memorial Airport,1095,-88.4891,47.1684,2257174
Houlton Intl,489,-67.792056,46.123083,2257174
Hughes Airport,299,-154.264722,66.039167,2257174
Hunter Aaf,42,-81.145683,32.01,2257174
Huntsville International Airport-Carl T Jones Field,629,-86.7750556,34.6371944,2257174
Hurlburt Fld,38,-86.689278,30.427803,2257174
Huron Rgnl,1289,-98.228542,44.3852,2257174
Huslia Airport,213,-156.351389,65.697778,2257174
Hutchinson Municipal Airport,1543,-97.8606,38.0655,2257174
Hydaburg Seaplane Base,0,-132.828333,55.206389,2257174
Hyder Seaplane Base,0,-130.006667,55.903333,2257174
Icy Bay Airport,50,-141.661667,59.968889,2257174
Idaho Falls Rgnl,4744,-112.07075,43.514556,2257174
Idlewild Intl,13,-73.778924,40.639751,2257174
Igiugig Airport,90,-155.902,59.324,2257174
Igor I Sikorsky Mem,9,-73.126167,41.163472,2257174
Iliamna,186,-154.910961,59.754356,2257174
Illinois Valley Regional,654,-89.153056,41.351944,2257174
Immokalee,37,-81.401389,26.433889,2257174
Imperial Co,-54,-115.578744,32.834219,2257174
Indian Mountain Lrrs,1220,-153.704289,65.992794,2257174
Indianapolis Intl,797,-86.294383,39.717331,2257174
Indianapolis Metropolitan Airport,811,-86.045,39.935278,2257174
International Airport,89,-82.224167,29.1725,2257174
Inyokern Airport,2455,-117.829444,35.658889,2257174
Iosco County,606,-83.422,44.311,2257174
Iowa City Municipal Airport,668,-91.546503,41.639244,2257174
Isbell Field Airport,877,-85.7213889,34.4736944,2257174
Ithaca Tompkins Rgnl,1099,-76.458444,42.491028,2257174
Jack Edwards Airport,17,-87.6717778,30.2896389,2257174
Jack Northrop Fld Hawthorne Muni,66,-118.335186,33.922839,2257174
Jackson County Airport,951,-83.5615972,34.1758638,2257174
Jackson Evers Intl,346,-90.075889,32.311167,2257174
Jackson Hole Airport,6451,-110.73775,43.607333333,2257174
Jacksonville Intl,30,-81.687861,30.494056,2257174
Jacksonville Nas,22,-81.680556,30.235834,2257174
Jacqueline Cochran Regional Airport,0,-116.1596667,33.626666,2257174
James M Cox Dayton Intl,1009,-84.219375,39.902375,2257174
Jamestown Regional Airport,1498,-98.6782,46.9297,2257174
Jefferson City Memorial Airport,549,-92.1561,38.5912,2257174
Jefferson County Airpark,1196,-80.7008742,40.3602179,2257174
Jefferson County Intl,108,-122.8106436,48.0538086,4514348
Jekyll Island Airport,11,-81.4277778,31.0744722,2257174
Jesup-Wayne County Airport,107,-81.8825,31.553889,2257174
Jimmy Carter Regional,468,-84.1133,32.0665,2257174
John F Kennedy Intl,13,-73.778925,40.639751,2257174
John H. Batten Airport,674,-87.8152,42.7605,2257174
John Murtha Johnstown-Cambria County Airport,2284,-78.833889,40.316111,2257174
John Wayne Arpt Orange Co,56,-117.868222,33.675667,2257174
Johnson County Airport,1096,-94.4415,38.5051,2257174
Jonesboro Muni,262,-90.646417,35.831708,2257174
Joplin Rgnl,981,-94.498269,37.151814,2257174
Juneau Intl,21,-134.576278,58.354972,2257174
KBWD,1387,-98.9565,31.7936111,2257174
Kahului,54,-156.430458,20.89865,2257174
Kake Airport,172,-133.910278,56.961389,2257174
Kake Seaplane Base,0,-133.945556,56.973056,2257174
Kalamazoo,874,-85.552058,42.234875,2257174
Kalaupapa Airport,24,-156.974,21.211,2257174
Kalskag Airport,55,-160.341,61.5363,2257174
Kaltag Airport,187,-158.741,64.3191,2257174
Kaneohe Bay Mcaf,24,-157.768,21.450453,2257174
Kansas City Intl,1026,-94.713905,39.297606,2257174
Kapalua,256,-156.673031,20.962936,2257174
Karuluk Airport,137,-154.450278,57.566944,2257174
Kasigluk Airport,40,-162.524444,60.873333,2257174
Kearney Municipal Airport,2131,-99.0068,40.727,2257174
Keesler Afb,33,-88.924433,30.410425,2257174
Kelso Longview,20,-122.898389,46.118,2257174
Kenai Muni,99,-151.245,60.573111,2257174
Kendall Tamiami Executive,8,-80.432777,25.647889,2257174
Kenmore Air Harbor Inc Seaplane Base,14,-122.259,47.7548,2257174
Kenmore Air Harbor Seaplane Base,14,-122.339,47.629,2257174
Kenosha Regional Airport,742,-87.9278056,42.5956944,2257174
Kent State Airport,1134,-81.4151111,41.1513889,2257174
Keokuk Municipal Airport,671,-91.4285011,40.4599078,2257174
Kerrville Municipal Airport,1617,-99.0854722,29.9766667,2257174
Ketchikan Intl,88,-131.71375,55.355556,2257174
Ketchikan harbor Seaplane Base,0,-131.663333,55.344444,2257174
Key Field,297,-88.751868,32.332624,2257174
Key Largo,8,-80.274775,25.325393,2257174
Key West Intl,3,-81.759556,24.556111,2257174
Key West Nas,6,-81.688889,24.575834,2257174
King Cove Airport,155,-162.266,55.1163,2257174
King Salmon,68,-156.649278,58.676778,2257174
Kingman Airport,3449,-113.938,35.2595,2257174
Kingsville Nas,50,-97.809723,27.507223,2257174
Kinston Regional Jetport,94,-77.608889,35.331389,2257174
Kipnuk Airport,11,-164.030556,59.933056,2257174
Kirksville Regional Airport,966,-92.5449,40.0935,2257174
Kirtland Air Force Base,5355,-106.609194,35.040222,2257174
Kissimmee Gateway Airport,82,-81.437083,28.289806,2257174
Kitoi Bay Seaplane Base,0,-152.370556,58.190833,2257174
Kivalina Airport,13,-164.563,67.7362,2257174
Klamath Falls Airport,4095,-121.733,42.1561,2257174
Klawock Airport,80,-133.076111,55.579167,2257174
Klawock Seaplane Base,0,-133.101693,55.554658,2257174
Knox County Regional Airport,56,-69.0992303,44.0601111,2257174
Knoxville Downtown Island Airport,833,-83.8736667,35.9638333,2257174
Kobuk Airport,137,-156.897222,66.912222,2257174
Kodiak,78,-152.493856,57.749967,2257174
Koliganek Airport,269,-157.259444,59.726667,2257174
Kona Intl At Keahole,47,-156.045631,19.738767,2257174
Kongiganak Airport,30,-162.881111,59.960833,2257174
Kotlik Airport,15,-163.532778,63.030556,2257174
Koyuk Alfred Adams Airport,154,-161.154167,64.939444,2257174
Koyukuk Airport,149,-157.730556,64.875833,2257174
Kulik Lake Airport,1000,-155.108089,58.96591,2257174
Kwethluk Airport,30,-161.443611,60.790278,2257174
Kwigillingok Airport,18,-163.168611,59.876389,2257174
LM Clayton Airport,1986,-105.575,48.094444,2257174
La Crosse Municipal,654,-91.256711,43.878986,2257174
La Guardia,22,-73.872608,40.777245,2257174
La Junta Muni,4238,-103.509431,38.049719,2257174
LaGrange-Callaway Airport,694,-85.0726111,33.0088611,2257174
Lackland Afb Kelly Fld Annex,691,-98.581108,29.384228,2257174
Ladd Aaf,454,-147.614444,64.8375,2257174
Lafayette Rgnl,43,-91.987611,30.205278,2257174
Lake Charles Rgnl,15,-93.223335,30.126112,2257174
Lake City Municipal Airport,201,-82.576944,30.181944,2257174
Lake Cumberland Regional Airport,927,-84.615556,37.053611,2257174
Lake Havasu City Airport,783,-114.3582778,34.5711111,2257174
Lake Hood Seaplane Base,71,-149.9653918,61.1866382,2257174
Lake Placid Airport,1747,-73.961944,44.264444,2257174
Lake Tahoe Airport,8544,-119.995278,38.893889,2257174
Lake Wales Municipal Airport,127,-81.6203889,27.8938056,2257174
Lakefront,7,-90.02825,30.0424167,2257174
Lakehurst Naes,103,-74.353333,40.033333,2257174
Lakeland,1629,-89.730833,45.927778,2257174
Lakeland Linder Regional Airport,142,-82.0185556,27.9889167,2257174
Lamar Muni,3706,-102.6885,38.069694,2257174
Lambert St Louis Intl,618,-90.370028,38.748697,2257174
Lanai,1308,-156.951419,20.785611,2257174
Lancaster Airport,403,-76.2961,40.1217,2257174
Langley Afb,11,-76.360547,37.082881,2257174
Lansdowne Airport,1044,-80.6195833,41.1304722,2257174
Lansing Municipal,620,-87.5295278,41.5349167,2257174
Laramie Regional Airport,7284,-105.675,41.3121,2257174
Laredo Intl,508,-99.461556,27.54375,2257174
Larsen Bay Airport,87,-153.976667,57.535,2257174
Las Cruces Intl,4456,-106.921972,32.289417,2257174
Las Vegas Muni,6877,-105.142389,35.654222,2257174
Laughlin Afb,1082,-100.777975,29.359486,2257174
Laughlin-Bullhead Intl,695,-114.56,35.1574,2257174
Laurence G Hanscom Fld,133,-71.289031,42.469953,2257174
Lawrence J Timmerman Airport,745,-88.0344167,43.1103889,2257174
Lawrence Municipal,833,-95.2175,39.009167,2257174
Lawrence Municipal Airport,148,-71.1234167,42.7171944,2257174
Lawson Aaf,232,-84.991283,32.337322,2257174
Lawton-Fort Sill Regional Airport,1110,-98.4166367,34.5677144,2257174
Lea Co Rgnl,3661,-103.217028,32.687528,2257174
Lebanon Municipal Airport,603,-72.3042,43.6261,2257174
Lebanon State,344,-122.5577,44.3179,2257174
Lee Airport,34,-76.568333,38.942778,2257174
Lee C Fine Memorial Airport,869,-92.5494875,38.096035,2257174
Lee Gilmer Memorial Airport,1276,-83.8302233,34.272627,2257174
Leesburg Executive Airport,389,-77.558,39.078,2257174
Lehigh Valley Intl,393,-75.440806,40.652083,2257174
Lemhi County Airport,4043,-113.881389,45.123889,2257174
Lemoore Nas,234,-119.95208,36.333012,2257174
Levelock Airport,39,-156.858611,59.128056,2257174
Lewis University Airport,680,-88.083003,41.606326,2257174
Lewiston Maine,288,-70.2835075,44.0484728,2257174
Lewiston Nez Perce Co,1442,-117.015389,46.3745,2257174
Lewistown Municipal Airport,4170,-109.467,47.0493,2257174
Liberal Muni,2885,-100.95986,37.044222,2257174
Lihue,153,-159.338958,21.975983,2257174
Lima Allen County Airport,975,-84.0270781,40.707478,2257174
Lincoln,1219,-96.75925,40.850971,2257174
Lincoln Regional Airport Karl Harder Field,121,-121.3513333,38.9091667,2257174
Linden Airport,23,-74.2445942,40.6174472,2257174
Little Rock Afb,311,-92.149722,34.916944,2257174
Livermore Municipal,400,-121.49133,37.41362,2257174
Livingood Airport,696,-148.541111,65.531111,2257174
Logan-Cache,4457,-111.852,41.791,2257174
Lompoc Airport,88,-120.4675,34.6656,2257174
London-Corbin Airport-MaGee Field,1212,-84.0773889,37.0868889,2257174
Lone Star Executive,245,-95.414467,30.351833,2257174
Long Beach,60,-118.151611,33.817722,2257174
Long Island Mac Arthur,99,-73.100222,40.79525,2257174
Long Lake,1629,-74.42044,43.9750617,2257174
Lopez Island Airport,209,-122.938,48.4839,2257174
Lorain County Regional Airport,793,-82.1776389,41.3442778,2257174
Los Alamos Airport,7171,-106.2694153,35.8798019,2257174
Los Angeles Intl,126,-118.408075,33.942536,2257174
Lost Nation Municipal Airport,626,-81.38975,41.6840278,2257174
Louis Armstrong New Orleans Intl,4,-90.258028,29.993389,2257174
Louisville International Airport,501,-85.7364989,38.1740858,2257174
Lovell Fld,683,-85.203808,35.035278,2257174
Lowell City Airport,681,-85.3439058,42.95392,2257174
Lubbock Preston Smith Intl,3282,-101.822778,33.663639,2257174
Luce County Airport,869,-85.457298,46.311199,2257174
Luke Afb,1085,-112.38306,33.535,2257174
Lynchburg Regional Preston Glenn Field,938,-79.2004,37.3267,2257174
Lynden Airport,106,-122.4581183,48.9558961,2257174
Macdill Afb,14,-82.521214,27.849339,2257174
Mackinac Island Airport,740,-84.637344,45.8649344,2257174
Macomb Municipal Airport,707,-90.6523889,40.5200833,2257174
Madera Municipal Airport,255,-120.1124444,36.9886111,2257174
Madison GA Municipal Airport,694,-83.4604444,33.612125,2257174
Magic Valley Regional Airport,4151,-114.487733,42.481803,2257174
Mahlon Sweet Fld,374,-123.211972,44.124583,2257174
Majors,535,-96.065333,33.067839,2257174
Malad City,4503,-112.289,42.17,2257174
Mammoth Yosemite Airport,7128,-118.837772,37.624049,2257174
Manassas,192,-77.515556,38.721389,2257174
Manchester Regional Airport,266,-71.435667,42.932556,2257174
Manhattan Reigonal,1057,-96.670833,39.140972,2257174
Manistee County-Blacker Airport,621,-86.246944,44.2725,2257174
Manley Hot Springs Airport,270,-150.644167,64.9975,2257174
Manokotak Airport,51,-159.05,58.990278,2257174
Mansfield Lahm Regional,1297,-82.5166389,40.8214167,2257174
Mansfield Municipal,122,-71.1967714,42.0001331,2257174
Marana Regional,2031,-111.218388,32.409556,2257174
March Arb,1535,-117.259453,33.880711,2257174
Marco Islands,5,-81.6725278,25.9950278,2257174
Marina Muni,134,-121.762347,36.681878,2257174
MariposaYosemite,2454,-120.0222,37.3039,2257174
Mark Anton Airport,718,-84.9310833,35.48625,2257174
Marshall Aaf,1063,-96.764453,39.055275,2257174
Marshall Don Hunter Sr. Airport,103,-162.026111,61.8646418,2257174
Marshfield Municipal Airport,1278,-90.1893267,44.6368797,2257174
Marshfield Municipal Airport,9,-70.6721389,42.09825,2257174
Martha\\'s Vineyard,67,-70.615278,41.391667,2257174
Martin Campbell Field Airport,1789,-84.3468333,35.0158056,2257174
Martin State,22,-76.4137778,39.3256667,2257174
Mason City Municipal,1243,-93.4067,43.2247,2257174
Massena Intl Richards Fld,215,-74.845547,44.935833,2257174
Maxwell Afb,171,-86.365778,32.382944,2257174
Mbs Intl,668,-84.079647,43.532913,2257174
Mc Alester Rgnl,770,-95.783463,34.882403,2257174
Mc Allen Miller Intl,107,-98.238611,26.175833,2257174
Mc Carran Intl,2141,-115.15225,36.080056,2257174
Mc Chord Afb,322,-122.476475,47.137678,2257174
Mc Clellan Afld,75,-121.400611,38.667639,2257174
Mc Connell Afb,1371,-97.268192,37.621853,2257174
Mc Ghee Tyson,981,-83.994028,35.810972,2257174
Mc Guire Afb,131,-74.591667,40.015556,2257174
Mc Kellar Sipes Rgnl,434,-88.915611,35.599889,2257174
Mc Minnville Muni,163,-123.135944,45.194444,2257174
McCall Municipal Airport,5021,-116.101389,44.889722,2257174
McCarthy Airport,1531,-142.90307372,61.4370608,2257174
McClellan-Palomar Airport,328,-117.1648,33.0742,2257174
McCook Regional Airport,2583,-100.592222,40.206389,2257174
McDuffie County Airport,501,-82.5169509,33.5297315,2257174
McGrath Airport,338,-155.606,62.9529,2257174
McKinley National Park Airport,1720,-148.91129,63.732757,2257174
McKinnon Airport,19,-81.3910556,31.1519722,2257174
McMinn Co,874,-84.56177,35.39919,2257174
McNary Field,214,-123.003,44.9095,2257174
Meadows Fld,507,-119.05677,35.433598,2257174
Meigs Field,585,-87.609722,41.860278,2257174
Mekoryuk Airport,48,-166.271,60.3714,2257174
Melbourne Intl,33,-80.645258,28.102753,2257174
Memorial Field,540,-93.0962,34.478,2257174
Memphis Intl,341,-89.976667,35.042417,2257174
Menominee Marinette Twin Co,625,-87.638443,45.12665,2257174
Merced Municipal Airport,156,-120.513889,37.284722,2257174
Mercer County Airport,2857,-81.2077,37.2958,2257174
Meridian Nas,317,-88.555557,32.552083,2257174
Merle K Mudhole Smith,48,-145.477556,60.491778,2257174
Merrill Fld,137,-149.844447,61.213544,2257174
Merritt Island Airport,6,-80.6854722,28.3416111,2257174
Mesa Falcon Field,1394,-111.727996826172,33.4608001708984,2257174
Metlakatla Seaplane Base,0,-131.578056,55.131111,2257174
Metropolitan Oakland Intl,9,-122.220722,37.721278,2257174
Mexia - Limestone County Airport,544,-96.5144594,31.6411783,2257174
Miami Intl,8,-80.290556,25.79325,2257174
Miami Seaplane Base,0,-80.1703,25.7783,2257174
Miami University Airport,1040,-84.7843814,39.5022607,2257174
Michigan City Municipal Airport,500,-86.8211,41.7033,2257174
Mid Delta Regional Airport,131,-90.9856,33.4829,2257174
Mid-Ohio Valley Regional Airport,858,-81.4392031,39.3451039,2257174
Middle Georgia Rgnl,354,-83.649211,32.69285,2257174
Midland Intl,2871,-102.201914,31.942528,2257174
Millington Rgnl Jetport,320,-89.870278,35.356667,2257174
Millinocket Muni,408,-68.685561,45.647836,2257174
Millville Muni,85,-75.072222,39.367806,2257174
Minchumina Airport,678,-152.301944,63.886111,2257174
Mineral Wells,974,-98.060175,32.781606,2257174
Minneapolis St Paul Intl,841,-93.221767,44.881956,2257174
Minot Afb,1668,-101.357661,48.415572,2257174
Minot Intl,1716,-101.280333,48.259378,2257174
Minto Airport,460,-149.37,65.143611,2257174
Miramar Mcas,478,-117.14175,32.867694,2257174
Mission Field Airport,4660,-110.4483056,45.6993889,2257174
Missoula Intl,3205,-114.090556,46.916306,2257174
Mobile Downtown,26,-88.068092,30.626783,2257174
Mobile Rgnl,219,-88.242814,30.691231,2257174
Modesto City Co Harry Sham,97,-120.954422,37.625817,2257174
Moffett Federal Afld,32,-122.049139,37.416142,2257174
Mojave,2791,-118.151856,35.059364,2257174
Molokai,454,-157.096256,21.152886,2257174
Monroe County Airport,846,-86.6166805,39.1460208,2257174
Monroe Reqional Airport,679,-80.62001,35.01833,2257174
Monroe Rgnl,79,-92.037689,32.510864,2257174
Monterey Peninsula,257,-121.842944,36.587,2257174
Montgomery County Airpark,0,-77.09576,39.1006,2257174
Montgomery Field,17,117.759,32.4759,2257174
Montgomery Regional Airport,221,-86.3939722,32.3006389,2257174
Montrose Regional Airport,5759,-107.894242,38.509794,2257174
Moody Afb,233,-83.193,30.967833,2257174
Moore County Airport,455,-79.3887958,35.2376111,2257174
Morgantown Airport,600,-75.8704892,40.1570414,2257174
Morgantown Muni Walter L Bill Hart Fld,1248,-79.916314,39.642908,2257174
Morristown Municipal Airport,187,-74.4148747,40.79935,2257174
Morrisville Stowe State Airport,732,-72.614,44.535,2257174
Moser Bay Seaplane Base,0,-154.145833,57.025556,2257174
Moton Field Municipal Airport,264,-85.6800278,32.4605722,2257174
Moultrie Municipal Airport,294,-83.80325,31.0849167,2257174
Mount Pleasant Regional-Faison Field,12,-79.4697,32.5387,2257174
Mountain Home Afb,2996,-115.872431,43.043603,2257174
Mountain Home Municipal Airport,3167,-115.7305671,43.1316111,2257174
Mountain Village Airport,337,-163.682,62.0954,2257174
Muir Aaf,489,-76.569411,40.434811,2257174
Municipal Airport,125,-79.0595556,34.6098056,2257174
Municipal Airport,1292,-90.8964742,43.5793603,2257174
Municipal Airport,529,-81.6850278,33.6493889,2257174
Municipal Airport,780,-88.3046825,42.6907171,2257174
Municipal Airport,90,-82.155833,28.228056,2257174
Muskegon County Airport,628,-86.2382,43.1695,2257174
Myrtle Beach Intl,25,-78.928333,33.67975,2257174
NAS Alameda,10,-122.3186,37.7861,2257174
NW Arkansas Regional,1287,-94.3068111,36.2818694,2257174
Nantucket Mem,48,-70.060181,41.253053,2257174
Napa County Airport,35,-122.2806944,38.2131944,2257174
Naples Muni,8,-81.775294,26.152619,2257174
Nashville Intl,599,-86.678194,36.124472,2257174
Natrona Co Intl,5347,-106.464417,42.908,2257174
Naval Air Station,653,-87.8225,42.090556,2257174
Nellis Afb,1870,-115.034253,36.236197,2257174
Nelson Lagoon,14,-161.160278,56.0075,2257174
New Bedford Regional Airport,80,-70.9569,41.6761,2257174
New Carrollton Rail Station,39,-76.8719,38.948,2257174
New Castle,79,-75.606528,39.678722,2257174
New Century AirCenter Airport,1087,-94.8903056,38.8309167,2257174
New Haven Rail Station,7,-72.925992,41.298669,2257174
New Orleans Nas Jrb,3,-90.035,29.825333,2257174
New Stuyahok Airport,302,-157.328,59.4499,2257174
Newark Liberty Intl,18,-74.168667,40.6925,2257174
Newark Penn Station,0,-74.164167,40.734722,2257174
Newport Municipal Airport,160,-124.057917,44.580361,2257174
Newport News Williamsburg Intl,43,-76.492989,37.131894,2257174
Newport State,172,-71.282222,41.533056,2257174
Newtok Airport,25,-164.641111,60.939167,2257174
Newton City-County Airport,1533,-97.2752278,38.0570785,2257174
Niagara Falls Intl,589,-78.946194,43.107333,2257174
Nightmute Airport,4,-164.700833,60.471111,2257174
Nikolai Airport,427,-154.383889,63.010833,2257174
Nikolski Air Station,77,-168.848889,52.941667,2257174
Noatak Airport,88,-162.975,67.5661,2257174
Nogales Intl,3955,-110.84789,31.417722,2257174
Nome,37,-165.445247,64.512203,2257174
Nondalton Airport,262,-154.851667,59.966944,2257174
Norfolk Intl,26,-76.201222,36.894611,2257174
Norfolk Ns,15,-76.289289,36.937644,2257174
Norman Y Mineta San Jose Intl,62,-121.929022,37.3626,2257174
North Central State,441,-71.491381,41.920764,2257174
North Island Nas,26,-117.21531,32.699219,2257174
North Las Vegas Airport,2205,-115.1944444,36.2106944,2257174
North Perry,8,-80.240722,26.001222,2257174
North Platte Regional Airport Lee Bird Field,2776,-100.684,41.1262,2257174
North Whale Seaplane Base,0,-133.121667,56.116389,2257174
Northeast Alabama Regional Airport,569,-86.0890834,33.9726489,2257174
Northeast Philadelphia,121,-75.010586,40.081944,2257174
Northern Aroostook Regional Airport,988,-68.312778,47.285556,2257174
Northern Maine Rgnl At Presque Isle,534,-68.044797,46.688958,2257174
Northway,1716,-141.929136,62.961334,2257174
Northwest Alabama Regional Airport,550,-87.6102,34.7453,2257174
Norwood Memorial Airport,49,-71.1729444,42.1905278,2257174
Nuiqsut Airport,38,-151.005556,70.21,2257174
Nulato Airport,399,-158.074167,64.729444,2257174
Nunapitchuk Airport,12,-162.439167,60.905833,2257174
Oakdale Airport,237,-120.8001944,37.7563333,2257174
Oakland Co. Intl,980,-83.35,42.667,2257174
Ocean Isle Beach Airport,32,-78.4366722,33.9085056,2257174
Ocean Ridge Airport,940,-123.5306389,38.8016111,2257174
Ocean Shores Municipal,15,-124.0854,46.5995,2257174
Oceana Nas,22,-76.033542,36.820703,2257174
Oceano County Airport,14,-120.62236111,35.10147222,2257174
Offutt Afb,1052,-95.912511,41.118332,2257174
Ogdensburg Intl,297,-75.4655,44.681854,2257174
Ohio State University Airport,905,-83.073,40.0798,2257174
Old Harbor Airport,55,-153.269722,57.218056,2257174
Olga Bay Seaplane Base,0,-154.229722,57.161389,2257174
Olive Branch Muni,350,-89.783333,34.876944,2257174
Olympia Regional Airpor,209,-122.9025447,46.9694044,2257174
Oneonta Municipal Airport,1763,-75.064444,42.524722,2257174
Ontario Intl,944,-117.601194,34.056,2257174
Opa Locka,8,-80.278389,25.907,2257174
Orange County Airport,364,-74.2646444,41.5099884,2257174
Orcas Island Airport,31,-122.910556,48.708056,2257174
Orlando,340,-81.57,28.398,2257174
Orlando Intl,96,-81.308994,28.429394,2257174
Orlando Sanford Intl,55,-81.237489,28.777639,2257174
Ormond Beach municipal Airport,28,-81.06497,29.1804,2257174
Oscoda Wurtsmith,634,-83.394053,44.451558,2257174
Otis Angb,131,-70.521417,41.658439,2257174
Ouzinkie Airport,55,-152.500511,57.922876,2257174
Owensboro Daviess County Airport,406,-87.1668,37.7401,2257174
Oxnard - Ventura County,15,-119.207222,34.200833,2257174
Ozona Muni,2381,-101.202972,30.735281,2257174
Packwood,1057,-121.4067,46.3625,2257174
Page Fld,17,-81.86325,26.586611,2257174
Page Municipal Airport,4316,-111.4483,36.9261,2257174
Pahokee Airport,18,-80.692,26.789,2257174
Palacios Muni,14,-96.250958,28.727508,2257174
Palm Beach Co Park,14,-80.085056,26.593,2257174
Palm Beach Intl,19,-80.095589,26.683161,2257174
Palm Springs Intl,477,-116.506694,33.829667,2257174
Palmdale Rgnl Usaf Plt 42,2543,-118.08456,34.629391,2257174
Palmer Muni,242,-149.088711,61.594914,2257174
Palo Alto Airport of Santa Clara County,7,-122.1150556,37.4611111,2257174
Panama City Bay Co Intl,20,-85.682806,30.212083,2257174
Panama City-NW Florida Bea.,69,-85.7973,30.3417,2257174
Pangborn Field,1249,-120.206,47.398,2257174
Pappy Boyington,2320,-116.8195833,47.7743056,2257174
Patrick Afb,8,-80.610125,28.234922,2257174
Patuxent River Nas,39,-76.411781,38.285981,2257174
Pease International Tradeport,100,-70.8233,43.0779,2257174
Pecos Municipal Airport,2613,-103.5107222,31.3823889,2257174
Pedro Bay Airport,45,-154.1325,59.782222,2257174
Pelican Seaplane Base,0,-136.236389,57.955278,2257174
Pellston Regional Airport of Emmet County Airport,720,-84.7967,45.5709,2257174
Pembina Muni,795,-97.240833,48.942501,2257174
Penn Station,35,-73.9935,40.7505,2257174
Penn Station,66,-76.615556,39.307222,2257174
Pensacola Nas,28,-87.318647,30.352656,2257174
Pensacola Rgnl,121,-87.186611,30.473425,2257174
Peoria Regional,660,-89.693258,40.664203,2257174
Perry-Foley Airport,44,-83.5805833,30.0692778,2257174
Perryville Airport,29,-159.160833,55.906667,2257174
Petersburg James A. Johnson,105,-132.945278,56.801667,2257174
Philadelphia 30th St Station,0,-75.182,39.9557,2257174
Philadelphia Intl,36,-75.241139,39.871944,2257174
Philip Billard Muni,881,-95.622482,39.068657,2257174
Phillips Aaf,57,-76.168808,39.466219,2257174
Phoenix Regional Airport,1300,-111.920997619629,32.99169921875,2257174
Phoenix Sky Harbor Intl,1135,-112.011583,33.434278,2257174
Phoenix-Mesa Gateway,1382,-111.655,33.307833,2257174
Pickens County Airport,1535,-84.4572222,34.4534722,2257174
Piedmont Triad,925,-79.937306,36.09775,2257174
Pierre Regional Airport,1742,-100.286,44.3827,2257174
Pike County Airport - Hatcher Field,1473,-82.5663889,37.5617639,2257174
Pilot Point Airport,57,-157.571944,57.585393,2257174
Pilot Station Airport,305,-162.899444,61.934444,2257174
Pinal Airpark,1893,-111.325278,32.509722,2257174
Pitt-Greenville Airport,27,-77.385278,35.635278,2257174
Pittsburgh Intl,1204,-80.232872,40.491467,2257174
Pittsburgh-Monroeville Airport,1187,-79.7749167,40.4526389,2257174
Plantation Airpark,188,-81.5971111,32.6452778,2257174
Platinum,15,-161.819664,59.011356,2257174
Plattsburgh Intl,234,-73.468139,44.650944,2257174
Plum Island Airport,11,-70.8394444,42.7953611,2257174
Plymouth Municipal Airport,148,-70.7287778,41.9090278,2257174
Plymouth Municipal Airport,800,-86.3002574,41.3651307,2257174
Pocatello Regional Airport,4452,-112.596,42.9098,2257174
Point Baker Seaplane Base,0,-133.6225,56.351944,2257174
Point Hope Airport,12,-166.799,68.3488,2257174
Point Lay Lrrs,25,-163.005342,69.732875,2257174
Point Mugu Nas,13,-119.12094,34.120285,2257174
Point Roberts Airpark,10,-123.0788889,48.9797222,2257174
Polk Aaf,330,-93.191667,31.044833,2257174
Polk County Airport - Cornelius Moore Field,974,-85.1464722,34.0186944,2257174
Pompano Beach Airpark,19,-80.1110556,26.2471389,2257174
Ponca City Rgnl,1007,-97.099781,36.731958,2257174
Pope Field,217,-79.014472,35.170883,2257174
Poplar Bluff Municipal Airport,331,-90.3248611,36.77394444,2257174
Port Alsworth Airport,253,-154.306586,60.208281,2257174
Port Angeles Cgas,13,-123.414075,48.141481,2257174
Port Bailey Seaplane Base,0,-153.040556,57.93,2257174
Port Bucyrus-Crawford County Airport,1003,-82.9748056,40.7815556,2257174
Port Clarence Coast Guard Station,10,-166.859,65.2537,2257174
Port Columbus Intl,815,-82.891889,39.997972,2257174
Port Heiden Airport,95,-158.633,56.9591,2257174
Port Lions Airport,52,-152.846111,57.885278,2257174
Port Moller Airport,20,-160.560833,56.006111,2257174
Port O\\'Connor Airfield,10,-96.442859,28.429977,2257174
Port Oceanic Airport,142,-147.8194444,60.2083333,2257174
Port Protection Seaplane Base,0,-133.61,56.328889,2257174
Port Williams Seaplane Base,0,-152.582222,58.49,2257174
Portage Municipal Airport,825,-89.4828607,43.5603136,2257174
Porter County Municipal Airport,770,-87.0070833,41.4539722,2257174
Portland Hillsboro,204,-122.949825,45.540394,2257174
Portland Intl,30,-122.5975,45.588722,2257174
Portland Intl Jetport,77,-70.309281,43.646161,2257174
Portland Troutdale,39,-122.401253,45.54937,2257174
Princeton Muni,979,-93.608217,45.559868,2257174
Prospect Creek Airport,1095,-150.643611,66.814167,2257174
Prosser,705,-119.4773,46.128,2257174
Provincetown Muni,9,-70.22139,42.071945,2257174
Provo Municipal Airport,4497,-111.72222222,40.21805555,2257174
Pueblo Memorial,4726,-104.496572,38.289085,2257174
Pullman-Moscow Rgnl,2556,-117.109583,46.743861,2257174
Purude University Airport,606,-86.9368889,40.4123056,2257174
Put-in-Bay Airport,595,-82.497,41.3521,2257174
Putnam County Airport,842,-86.8138056,39.6335556,2257174
Quad City Intl,590,-90.507539,41.448528,2257174
Quantico Mcaf,11,-77.305333,38.501683,2257174
Quincy Municipal Airport,225,-84.557425,30.5978708,2257174
Quincy Regional Baldwin Field,769,-91.1946,39.9427,2257174
Quinhagak Airport,42,-161.845278,59.755,2257174
Quonset State Airport,18,-71.4121389,41.5971389,2257174
Raleigh County Memorial Airport,2504,-81.1242,37.7873,2257174
Raleigh Durham Intl,435,-78.787472,35.877639,2257174
Ralph Wien Mem,11,-162.59855,66.884678,2257174
Ramona Airport,1395,-116.91525,33.0391667,2257174
Rampart Airport,302,-150.140833,65.507778,2257174
Rancho Murieta,141,-121.102778,38.486778,2257174
Randall Airport,523,-74.3915611,41.431912,2257174
Randolph Afb,762,-98.2789,29.529675,2257174
Rapid City Regional Airport,3204,-103.057222,44.045278,2257174
Rawlins Municipal Airport-Harvey Field,6813,-107.19994,41.8055975,2257174
Reading Regional Carl A Spaatz Field,344,-75.9652,40.3785,2257174
Red Devil Airport,174,-157.350278,61.788056,2257174
Redding Muni,504,-122.293389,40.509,2257174
Redlands Municipal Airport,1574,-117.146388,34.08525,2257174
Redstone Aaf,685,-86.684781,34.678653,2257174
Regional - Hendricks AAF,63,-81.342222,27.456389,2257174
Regional Airport,582,-88.175556,41.517778,2257174
Regional Airport,968,-80.9538958,35.7649958,2257174
Renner Fld,3656,-101.698992,39.370621,2257174
Reno Tahoe Intl,4415,-119.768108,39.499108,2257174
Renton,32,-122.21575,47.4931389,2257174
Reynolds Field,1001,-84.460556,42.260556,2257174
Rhinelander Oneida County Airport,1624,-89.4675,45.6312,2257174
Richard B Russell Airport,664,-85.1586667,34.3507778,2257174
Richard Lloyd Jones Jr Airport,638,-95.9846389,36.0396111,2257174
Richfield Minicipal Airport,5301,-112.0989444,38.7364361,2257174
Richland Airport,742,-90.2982819,43.2833575,2257174
Richmond County Airport,358,-79.7596111,34.8913056,2257174
Richmond Intl,167,-77.319667,37.505167,2257174
Richmond Municipal Airport,1140,-84.8427175,39.7561006,2257174
Rick Husband Amarillo Intl,3607,-101.705931,35.219369,2257174
Rickenbacker Intl,744,-82.927822,39.813786,2257174
Ridgeland Airport,79,-80.99175,32.4934167,2257174
Riverside Muni,818,-117.445103,33.951875,2257174
Riverton Regional,5525,-108.459722,43.064167,2257174
Roanoke Regional,1175,-79.975417,37.325472,2257174
Robert Curtis Memorial Airport,55,-161.022222,66.8175,2257174
Robert Gray Aaf,1015,-97.828917,31.06725,2257174
Roberts Fld,3077,-121.149964,44.254066,2257174
Robertson Field,202,-72.8646944,41.6893333,2257174
Robins Afb,294,-83.59185,32.640144,2257174
Robinson Aaf,587,-92.300153,34.850089,2257174
Roche Harbor Seaplane Base,0,-123.159722,48.608056,2257174
Rochester,1317,-92.500014,43.908283,2257174
Rock Airport,1063,-79.8261189,40.6035463,2257174
Rock Hill York Co Bryant Airport,667,-81.0572,34.9878,2257174
Rock Springs Sweetwater County Airport,6760,-109.065,41.5942,2257174
Rocky Mount Wilson Regional Airport,159,-77.8919,35.8563,2257174
Rocky Mountain Metropolitan Airport,5670,-105.11722222,39.90888888,2257174
Rogue Valley Intl Medford,1335,-122.8735,42.374228,2257174
Ronald Reagan Washington Natl,15,-77.037722,38.852083,2257174
Rosario Seaplane Base,0,-122.868056,48.645556,2257174
Roscommon Co,1150,-84.671112,44.359806,2257174
Rosecrans Mem,826,-94.909706,39.771944,2257174
Roswell Intl Air Center,3671,-104.530556,33.301556,2257174
Ruby Airport,653,-155.47,64.7272,2257174
Russian Mission Airport,51,-161.319444,61.775,2257174
Rutland State Airport,787,-72.9496,43.5294,2257174
Sabetha Municipal,1330,-95.4677,39.5425,2257174
Sacramento Executive,24,-121.49347,38.512524,2257174
Sacramento Intl,27,-121.590778,38.695417,2257174
Sacramento Mather,96,-121.297592,38.553897,2257174
Safford Regional Airport,3179,-109.6350833,32.8533333,2257174
Saint Cloud Regional Airport,1031,-94.059889,45.546556,2257174
Salina Municipal Airport,1288,-97.6522,38.791,2257174
Salisbury Ocean City Wicomico Rgnl,52,-75.510289,38.340525,2257174
Salt Lake City Intl,4227,-111.977772,40.788389,2257174
Saluda County,539,-81.4768,33.5561,2257174
San Angelo Rgnl Mathis Fld,1919,-100.496306,31.35775,2257174
San Antonio Intl,809,-98.469778,29.533694,2257174
San Bernardino International Airport,1159,-117.2348722,34.0953521,2257174
San Carlos Airport,5,-122.249444,37.511944,2257174
San Diego Intl,17,-117.189667,32.733556,2257174
San Diego Old Town Transit Center,0,-117.1995,32.7552,2257174
San Francisco Intl,13,-122.374889,37.618972,2257174
San Juan - Uganik Seaplane Base,0,-153.320556,57.730278,2257174
San Luis County Regional Airport,212,-120.642,35.2368,2257174
San Luis Valley Regional Airport,7539,-105.866667,37.435,2257174
Sand Point Airport,21,-160.523,55.315,2257174
Sanford Regional,244,-70.708,43.39383,2257174
Santa Barbara Muni,10,-119.840372,34.426211,2257174
Santa Fe Muni,6348,-106.089422,35.617108,2257174
Santa Maria Pub Cpt G Allan Hancock Airport,261,-120.457,34.8989,2257174
Santa Monica Municipal Airport,177,-118.4513056,34.0158333,2257174
Sarasota Bradenton Intl,30,-82.554389,27.395444,2257174
Saratoga County Airport,433,-73.861638,43.050722,2257174
Savannah Hilton Head Intl,51,-81.202139,32.127583,2257174
Savoonga Airport,53,-170.493,63.6864,2257174
Sawyer International Airport,1221,-87.395278,46.353611,2257174
Scammon Bay Airport,14,-165.571389,61.845278,2257174
Scappoose Industrial Airpark,58,-122.861833,45.771028,2257174
Schaumburg Regional,801,-88.1012428,41.9893408,2257174
Scholes Intl At Galveston,6,-94.860406,29.265322,2257174
Scott Afb Midamerica,459,-89.835183,38.545178,2257174
Scottsdale Airport,1519,-111.9105278,33.6228889,2257174
Seal Bay Seaplane Base,0,-152.5,58.166667,2257174
Seaplane Base,140,-81.7628056,28.0575,2257174
Seattle Tacoma Intl,433,-122.309306,47.449,2257174
Sebastian Municipal,21,-80.4955833,27.81325,2257174
Sedona,4830,-111.788472,34.848628,2257174
Selawik Airport,17,-159.985833,66.6,2257174
Selfield Airport,131,-86.9522,32.4404,2257174
Selfridge Angb,580,-82.8355,42.608333,2257174
Seward Airport,22,-149.4188122,60.1269383,2257174
Seymour Johnson Afb,110,-77.960589,35.339383,2257174
Shageluk Airport,79,-159.569167,62.692222,2257174
Shaktoolik Airport,24,-161.223889,64.371111,2257174
Shaw Afb,242,-80.470564,33.972719,2257174
Sheboygan County Memorial Airport,755,-87.851402,43.7696,2257174
Shelby County Airport,550,-88.845556,39.410556,2257174
Shelby County Airport,586,-86.7832222,33.1777778,2257174
Sheldon Point Airport,12,-164.847778,62.520556,2257174
Shenandoah Valley Regional Airport,1201,-78.896389,38.263889,2257174
Sheppard Afb Wichita Falls Muni,1019,-98.491894,33.988797,2257174
Sheridan County Airport,4021,-106.98,44.7692,2257174
Sherman Aaf,772,-94.914686,39.368332,2257174
Shishmaref Airport,12,-166.089,66.2496,2257174
Shively Field Airport,7012,-106.8235264,41.4448594,2257174
Shoestring Aviation Airfield,1000,-76.6471914,39.7948244,2257174
Show Low Regional Airport,6415,-110.005556,34.265556,2257174
Shreveport Rgnl,258,-93.8256,32.446629,2257174
Shungnak Airport,197,-157.1625,66.888056,2257174
Sidney Muni Airport,4313,-102.985,41.10167,2257174
Sidney-Richland Municipal Airport,1984,-104.1925,47.706944,2257174
Sierra Blanca Regional Airport,6814,-105.534751,33.46285,2257174
Sierra Vista Muni Libby Aaf,4719,-110.344389,31.588472,2257174
Sikeston Memorial Municipal,315,-89.56175,36.8988889,2257174
Silver Springs Airport,4269,-119.2511944,39.4030278,2257174
Sioux Falls,1429,-96.741914,43.582014,2257174
Sioux Gateway Col Bud Day Fld,1098,-96.384367,42.402603,2257174
Sitka Rocky Gutierrez,21,-135.361611,57.047138,2257174
Skagway Airport,44,-135.316,59.4601,2257174
Skyhaven Airport,321,-70.9292778,43.2840556,2257174
Sleetmute Airport,190,-157.165833,61.700566,2257174
Sloulin Fld Intl,1982,-103.642347,48.177939,2257174
Smith Fld,834,-85.152778,41.143353,2257174
Smith Reynolds,969,-80.222,36.133722,2257174
Snohomish Co,606,-122.281564,47.906342,2257174
Soldotna Airport,113,-151.0382389,60.4749583,2257174
Somerset County Airport,2275,-79.0149951,40.0388708,2257174
South Arkansas Rgnl At Goodwin Fld,277,-92.813278,33.220972,2257174
South Bend Rgnl,799,-86.31725,41.708661,2257174
South Haven Area Regional Airport,666,-86.2556389,42.3511944,2257174
South Jersey Regional Airport,53,-74.84575,39.9428889,2257174
South Lakeland Airport,110,-82.0439739,27.9333581,2257174
South Naknek Airport,162,-157.0025,58.702222,2257174
Southeast Iowa Regional Airport,698,-91.1255,40.7832,2257174
Southeast Texas Rgnl,15,-94.020694,29.950833,2257174
Southern California Logistics,2885,-117.382997,34.597453,2257174
Southern Wisconsin Regional Airport,808,-89.0415556,42.62025,2257174
Southwest Florida Intl,30,-81.755167,26.536167,2257174
Southwest Georgia Regional Airport,197,-84.1945,31.5355,2257174
Southwest Michigan Regional Airport,643,-86.4285,42.1285833,2257174
Southwest Oregon Regional Airport,17,-124.246,43.4171,2257174
Space Coast Reg'l Airport,34,-80.7992278,28.5148,2257174
Sparrevohn Lrrs,1583,-155.574228,61.097369,2257174
Spencer Muni,1339,-95.202805,43.165527,2257174
Spirit Of St Louis,463,-90.652044,38.662119,2257174
Spitfire Aerodrome,40,-75.3977211,39.7355633,2257174
Spokane Intl,2376,-117.533833,47.619861,2257174
Spring Hill Airport,1729,-75.4158972,41.3473569,2257174
Springfield Amtrak Station,65,-72.593054,42.106,2257174
Springfield Branson Natl,1268,-93.388639,37.245667,2257174
Springfield-Beckly Municipal Airport,1051,-83.8401667,39.8402778,2257174
St Clair Co Intl,650,-82.528862,42.910957,2257174
St George,125,-169.661611,56.578344,2257174
St George Muni,2941,-113.593056,37.090583,2257174
St Lucie County International Airport,23,-80.372638,27.497472,2257174
St Marys Airport,311,-163.302,62.0605,2257174
St Paul Island,63,-170.220444,57.167333,2257174
St Petersburg Clearwater Intl,10,-82.687389,27.910167,2257174
St. Augustine Airport,10,-81.3397222,29.95925,4514348
St. George Airport,125,-169.663611,56.577222,2257174
St. Louis Downtown Airport,413,-90.1562211,38.5707244,2257174
St. Michael Airport,98,-162.110278,63.49,2257174
Stamford Amtrak Station,0,-73.541493,41.046937,2257174
Steamboat Springs Airport-Bob Adams Field,6882,-106.8663056,40.51625,2257174
Stebbins Airport,14,-162.278056,63.515833,2257174
Stephens Co,1284,-98.891,32.719047,2257174
Sterling Municipal Airport,4040,-103.2648454,40.6153136,2257174
Stevens Point Municipal Airport,1110,-89.5302844,44.5451356,2257174
Stewart Intl,491,-74.104839,41.504094,2257174
Stockton Metropolitan,33,-121.238306,37.894167,2257174
Stony River 2 Airport,230,-156.591111,61.7875,2257174
Stormville Airport,358,-73.7323514,41.5769708,2257174
Stratton ANGB - Schenectady County Airpor,378,-73.928866666,42.85245555,2257174
Stroudsburg-Pocono Airport,480,-75.1606789,41.0358717,2257174
Sugar Land Regional Airport,82,-95.6565278,29.62225,2257174
Sussex Co,50,-75.358889,38.689194,2257174
Suwannee County Airport,104,-83.0246944,30.300125,2257174
Sylvania Airport,785,-87.9589722,42.70325,2257174
Syracuse Hancock Intl,421,-76.106311,43.111187,2257174
Tacoma Narrows Airport,294,-122.57811,47.267944,2257174
Takotna Airport,825,-156.082778,62.971944,2257174
Talkeetna,358,-150.093694,62.3205,2257174
Tallahassee Rgnl,81,-84.350333,30.396528,2257174
Tampa Executive Airport,22,-82.3452778,28.0139772,2257174
Tampa Intl,26,-82.53325,27.975472,2257174
Tampa North Aero Park,68,-82.374555,28.221278,2257174
Tanana Airport,207,-152.075833,65.179556,2257174
Tatalina Lrrs,964,-155.976525,62.894369,2257174
Tatitlek Airport,62,-146.691111,60.8725,2257174
Taunton Municipal Airport - King Field,43,-71.0166453,41.8744017,2257174
Ted Stevens Anchorage Intl,152,-149.996361,61.174361,2257174
Teller Airport,294,-166.339444,65.240278,2257174
Telluride,9078,-107.90848,37.953759,2257174
Tenakee Seaplane Base,0,-135.218333,57.779722,2257174
Terre Haute Intl Hulman Fld,589,-87.307561,39.451464,2257174
Teterboro,9,-74.060837,40.850103,2257174
Texarkana Rgnl Webb Fld,390,-93.991028,33.453722,2257174
Theodore Francis Green State,55,-71.420383,41.732581,2257174
Thief River Falls,1116,-96.185,48.065556,2257174
Thomasville Regional Airport,264,-83.8811285,30.9017921,2257174
Thorne Bay Seaplane Base,0,-132.536667,55.688056,2257174
Tin City LRRS Airport,269,-167.921667,65.563056,2257174
Tinker Afb,1291,-97.386633,35.414739,2257174
Tipton,150,-76.759414,39.085386,2257174
Toccoa RG Letourneau Field Airport,996,-83.2963717,34.5928117,2257174
Togiak Airport,21,-160.397,59.0528,2257174
Tok Junction Airport,1639,-142.953611,63.329444,2257174
Toksook Bay Airport,59,-165.087222,60.541389,2257174
Toledo,684,-83.807833,41.586806,2257174
Tonopah Test Range,5549,-116.78075,37.798836,2257174
Train Station,26,-77.42945,37.5343,2257174
Travis Afb,62,-121.927464,38.262692,2257174
Trenton Mercer,213,-74.813469,40.276692,2257174
Trenton-Robbinsville Airport,118,-74.6017778,40.2139444,2257174
Tri Cities Airport,410,-119.119,46.2647,2257174
Tri State Milton J Ferguson Field,828,-82.558,38.3667,2257174
Tri-Cities,833,-76.0578,42.0471,2257174
Tri-Cities Regional Airport,1519,-82.4074167,36.4752222,2257174
Tri-County Regional Airport,718,-90.181667,43.211667,2257174
Tri-State Steuben County Airport,995,-85.0834933,41.6396983,2257174
Truckee-Tahoe Airport,5900,-120.1395628,39.3200422,2257174
Truth Or Consequences Muni,4853,-107.27175,33.236944,2257174
Tstc Waco,470,-97.074139,31.637831,2257174
Tucson Intl,2643,-110.941028,32.116083,2257174
Tucumcari Muni,4065,-103.603186,35.182777,2257174
Tulip City Airport,698,-86.1078333,42.7427778,2257174
Tulsa Intl,677,-95.888111,36.198389,2257174
Tuluksak Airport,30,-160.969444,61.096944,2257174
Tunica Municipal Airport,194,-90.3467,34.681,2257174
Tuntutuliak Airport,16,-162.666944,60.335278,2257174
Tununak Airport,14,-165.271667,60.575556,2257174
Tupelo Regional Airport,346,-88.7699,34.2681,2257174
Tuscaloosa Rgnl,170,-87.611403,33.220627,2257174
Tweed-New Haven Airport,14,-72.886806,41.26375,2257174
Twentynine Palms Eaf,2051,-116.162203,34.296161,2257174
Twin Hills Airport,82,-160.275,59.074444,2257174
Tyler Pounds Rgnl,544,-95.402386,32.354139,2257174
Tyndall Afb,17,-85.575417,30.069567,2257174
Tyonek Airport,110,-151.138056,61.076667,2257174
Ugnu-Kuparuk Airport,67,-149.5975,70.330833,2257174
Unalakleet Airport,21,-160.798889,63.888333,2257174
Unalaska,22,-166.5435,53.900139,2257174
Union Station,456,-75.223333,43.104167,2257174
University Park Airport,1239,-77.848694,40.849278,2257174
Upolu,96,-155.859989,20.265256,2257174
Valdez Pioneer Fld,118,-146.248342,61.133949,2257174
Valdosta Regional Airport,203,-83.2767,30.7825,2257174
Valkaria Municipal,26,-80.5583333,27.9608611,2257174
Valley Intl,36,-97.654389,26.2285,2257174
Van Nuys,802,-118.489972,34.209811,2257174
Van Wert County Airport,787,-84.606358,40.8638295,2257174
Vance Afb,1307,-97.9165,36.339167,2257174
Vandenberg Afb,369,-120.584306,34.737333,2257174
Venetie Airport,574,-146.366389,67.008611,2257174
Vermilion Regional,696,-87.5955278,40.1996944,2257174
Vernal Regional Airport,5278,-109.51,40.440833,2257174
Vero Beach Muni,24,-80.417944,27.655556,2257174
Victoria Regional Airport,115,-96.9185,28.8526,2257174
Visalia Municipal Airport,295,-119.392778,36.318611,2257174
Volk Fld,912,-90.253433,43.938956,2257174
W H Barron Field,311,-82.591,32.3388,2257174
Waco Rgnl,516,-97.230519,31.611289,2257174
Wadsworth Municipal,974,-81.7564401,41.0031572,2257174
Waikoloa Heliport,109,-155.864,19.9136,2257174
Waimea Kohala,2671,-155.668108,20.001328,2257174
Wainwright Airport,41,-159.994722,70.638056,2257174
Wainwright As,35,-159.86035,70.613378,2257174
Wales Airport,22,-168.095,65.6225,2257174
Wall Street Heliport,7,-74.009028,40.701214,2257174
Walla Walla Regional Airport,1191,-118.288,46.0949,2257174
Wallops Flight Facility,40,-75.466389,37.940194,2257174
Washington Dulles Intl,313,-77.455811,38.944533,2257174
Washington Union Station,76,-77.00643,38.89746,2257174
Waterbury-Oxford Airport,726,-73.13525,41.4785556,2257174
Waterloo Regional Airport,873,-92.4003,42.5571,2257174
Watertown Intl,325,-76.021739,43.991922,2257174
Watertown Regional Airport,1748,-97.1547,44.914,2257174
Waukegan Rgnl,727,-87.867908,42.422161,2257174
Waukesha County Airport,911,-88.2370556,43.0410278,2257174
Waupaca Municipal Airport,840,-89.0197778,44.33325,2257174
Wausau Downtown Airport,1201,-89.6270018,44.9262845,2257174
Waynesville Rgnl Arpt At Forney Fld,1159,-92.140736,37.741631,2257174
Weedon Field,285,-85.0774,31.5708,2257174
Welke Airport,664,-85.520278,45.721111,2257174
Wellington Municipal,1277,-97.423225,37.39411,2257174
Wendover,4237,-114.030889,40.718694,2257174
West 30th St. Heliport,7,-74.0071,40.7545,2257174
West Georgia Regional Airport - O V Gray Field,1165,-85.1522641,33.6316964,2257174
West Houston,111,-95.672611,29.818194,2257174
West Point Village Seaplane Base,0,-153.548889,57.77,2257174
Westchester Co,439,-73.707575,41.066959,2257174
Westerly State Airport,81,-71.803333,41.349722,2257174
Western Nebraska Regional Airport,3967,-103.596,41.874,2257174
Westover Arb Metropolitan,241,-72.534783,42.194014,2257174
Westsound Seaplane Base,0,-122.952778,48.617778,2257174
Wheeler Aaf,837,-158.039667,21.4835,2257174
Wheeler Sack Aaf,690,-75.719458,44.055619,2257174
Wheeling Ohio County Airport,1195,-80.6463,40.175,2257174
Whidbey Island Nas,47,-122.655906,48.351803,2257174
White Mountain Airport,267,-163.412778,64.689167,2257174
Whiteman Afb,870,-93.547864,38.730306,2257174
Whiteman Airport,1003,-118.4134331,34.2593253,2257174
Whiting Fld Nas North,199,-87.021944,30.724167,2257174
Wichita Mid Continent,1333,-97.433056,37.649944,2257174
Wickenburg Municipal Airport,2377,-112.7990036,33.96889877,2257174
Wiley Post Will Rogers Mem,44,-156.766003,71.285446,2257174
Wilkes Barre Scranton Intl,962,-75.723403,41.338478,2257174
Wilkes-Barre Wyoming Valley Airport,543,-75.8522405,41.2973074,2257174
Will Rogers World,1295,-97.600733,35.393089,2257174
William P Hobby,46,-95.278889,29.645419,2257174
William R Fairchild International Airport,291,-123.5,48.1202,2257174
William T. Piper Mem.,556,-77.4223056,41.1357778,2257174
Williams County Airport,730,-84.5067778,41.4673056,2257174
Williamson Country Regional Airport,472,-89.0110936,37.7549569,2257174
Williamson-Sodus Airport,424,-77.119444,43.2347904,2257174
Williamsport Rgnl,529,-76.921094,41.241836,2257174
Willow Grove Nas Jrb,358,-75.148167,40.199833,2257174
Willow Run,716,-83.530408,42.237928,2257174
Wilmington Airborne Airpark,1077,-83.792118,39.42792,2257174
Wilmington Amtrak Station,0,-75.551667,39.736667,2257174
Wilmington Intl,32,-77.902569,34.270615,2257174
Windham Airport,246,-72.1802222,41.7440278,2257174
Windom Municipal Airport,1410,-95.1094083,43.9134017,2257174
Wings Field,302,-75.265,40.1375,2257174
Winkler Co,2822,-103.201361,31.779628,2257174
Winslow-Lindbergh Regional Airport,4941,-110.7225278,35.0219167,2257174
Wishram Amtrak Station,1,-120.9664,45.6576,2257174
Witham Field Airport,16,-80.221294,27.1816996,2257174
Wittman Regional Airport,790,-88.551336,44.024983,2257174
Wokal Field Glasgow International Airport,2296,-106.615,48.2125,2257174
Woodward Field,302,-80.5648611,34.2835833,2257174
Worcester Regional Airport,1009,-71.8757,42.2673,2257174
Worland Municipal Airport,4227,-107.951,43.9657,2257174
Wrangell Airport,44,-132.37,56.4843,2257174
Wright Patterson Afb,823,-84.048332,39.826111,2257174
Yakataga Airport,12,-142.493611,60.081901,2257174
Yakima Air Terminal McAllister Field,1095,-120.544,46.5682,2257174
Yakutat,33,-139.3937,59.3012,2257174
Yampa Valley,6602,-107.21766,40.481181,2257174
Yeager,981,-81.593189,38.373147,2257174
Yellowstone Airport,6644,-111.1175,44.688333,2257174
Yellowstone Rgnl,5102,-109.023806,44.520194,2257174
Yolo County Airport,100,-121.8569444,38.5793889,2257174
Youngstown Elser Metro Airport,1070,-80.6773264,40.9617953,2257174
Youngstown Warren Rgnl,1196,-80.679097,41.260736,2257174
Yuba County Airport,62,-121.3411,39.0553,2257174
Yuma Mcas Yuma Intl,216,-114.60598,32.656578,2257174
Zachar Bay Seaplane Base,0,-153.75,57.55,2257174
Zamperini Field Airport,101,-118.339611,33.803392,2257174
